{
  "version": 1,
  "author": "Guilherme Silva",
  "editor": "wokwi",
  "parts": [
    {
      "type": "board-esp32-devkit-c-v4",
      "id": "esp",
      "top": -48,
      "left": -119.96,
      "attrs": { "builder": "esp-idf" }
    },
    { "type": "wokwi-microsd-card", "id": "sd1", "top": 29.03, "left": -259.13, "attrs": {} }
  ],
  "connections": [
    [ "esp:TX", "$serialMonitor:RX", "", [] ],
    [ "esp:RX", "$serialMonitor:TX", "", [] ],
    [ "sd1:VCC", "esp:3V3", "red", [ "h48", "v-95.86" ] ],
    [ "sd1:GND", "esp:GND.2", "black", [ "h38.4", "v-115.09", "h124.8" ] ],
    [ "esp:18", "sd1:SCK", "green", [ "h19.2", "v134.4", "h-163.2", "v-124.79" ] ],
    [ "esp:19", "sd1:DO", "green", [ "h9.6", "v-115.2", "h-144", "v115.2" ] ],
    [ "esp:23", "sd1:DI", "green", [ "h19.2", "v-76.8", "h-153.6", "v0", "h-19.2", "v172.8" ] ],
    [ "esp:5", "sd1:CS", "green", [ "h9.6", "v105.6", "h-115.2", "v-76.8" ] ]
  ],
  "dependencies": {}
}